First Name,Last Name,Age,Weight (lbs),Gender
Lea,Mandel,63,73,Female
Lea,Brown,46,253,Female
Lea,Brown,26,298,Male
Jane,Smith,52,96,Male
Jane,Levi,30,142,Female
Avraham,Doe,53,216,Male
Michael,Smith,25,60,Female
David,Cohen,58,71,Male
Yaakov,Cohen,55,205,Female
Ytzchok,Smith,22,112,Female
Avraham,Williams,20,36,Female
Ytzchok,Ysrael,22,15,Male
Rivka,Smith,61,287,Male
Jane,Doe,33,75,Male
Rachel,Ysrael,24,70,Female
Avraham,Doe,34,18,Female
Avraham,Johnson,41,51,Male
Avraham,Ysrael,23,279,Female
Rachel,Ysrael,56,238,Female
Lea,Johnson,52,189,Male
David,Johnson,37,263,Male
Jane,Brown,30,76,Female
Jane,Cohen,45,247,Male
Avraham,Levi,43,273,Female
Rachel,Miller,62,165,Female
David,Ysrael,62,115,Male
Rachel,Ysrael,64,203,Female
Rachel,Cohen,37,259,Male
John,Ysrael,36,197,Male
Lea,Doe,39,239,Male
Rivka,Miller,64,280,Male
Ytzchok,Williams,57,77,Female
John,Cohen,34,89,Male
John,Doe,28,22,Male
Avraham,Williams,21,54,Male
Rachel,Williams,49,186,Male
Rachel,Brown,31,159,Male
Rivka,Levi,25,256,Female
Rivka,Miller,30,147,Female
Yaakov,Williams,25,286,Male
Rachel,Miller,21,71,Male
Rivka,Smith,30,63,Male
Ytzchok,Johnson,32,277,Female
Jane,Ysrael,58,186,Male
Rivka,Cohen,50,240,Female
Rivka,Miller,66,135,Female
John,Smith,40,124,Female
Sara,Brown,24,168,Male
Lea,Miller,49,191,Male
Rivka,Levi,34,261,Female
Jane,Smith,38,146,Female
Rachel,Johnson,33,31,Female
Jane,Mandel,27,59,Male
Yaakov,Cohen,22,109,Male
Lea,Johnson,56,260,Female
Ytzchok,Doe,61,265,Female
Jane,Mandel,57,67,Female
David,Cohen,45,95,Male
Ytzchok,Levi,61,158,Male
Sara,Doe,25,168,Male
Jane,Johnson,55,139,Male
Lea,Brown,62,160,Female
Rachel,Levi,30,53,Female
Avraham,Johnson,28,208,Female
Sara,Ysrael,21,89,Female
Rachel,Brown,66,53,Female
Yaakov,Levi,47,176,Male
Yaakov,Smith,53,217,Female
Ytzchok,Doe,29,248,Female
Rachel,Miller,65,109,Female
Rachel,Smith,65,168,Female
Yaakov,Johnson,57,50,Male
David,Williams,67,61,Male
Rachel,Cohen,65,144,Female
Rivka,Levi,66,252,Female
Rachel,Brown,19,44,Male
Jane,Cohen,30,66,Female
Ytzchok,Miller,50,172,Male
Rivka,Levi,54,158,Female
Rivka,Cohen,44,189,Female
Rachel,Doe,28,237,Female
Rachel,Williams,63,255,Male
David,Brown,49,169,Male
Avraham,Cohen,30,253,Female
Rivka,Ysrael,37,159,Male
Sara,Williams,55,23,Female
John,Cohen,53,216,Female
Sara,Brown,66,63,Female
Yaakov,Mandel,51,216,Male
Jane,Doe,28,98,Female
Rachel,Miller,53,199,Male
David,Doe,39,52,Male
Lea,Doe,32,92,Male
Rachel,Williams,26,42,Male
Jane,Smith,39,234,Female
Michael,Miller,26,227,Female
Sara,Cohen,46,153,Male
Ytzchok,Mandel,30,288,Female
Lea,Doe,54,31,Female
John,Cohen,34,149,Female
Sara,Ysrael,36,194,Female
Yaakov,Johnson,65,144,Male
Ytzchok,Brown,37,276,Female
Rachel,Mandel,34,72,Male
Rachel,Williams,33,261,Female
Avraham,Miller,46,33,Male
Lea,Johnson,53,133,Male
Lea,Smith,21,170,Male
John,Cohen,33,144,Male
Jane,Miller,30,234,Male
Michael,Miller,51,130,Female
Michael,Williams,52,156,Male
Rachel,Cohen,45,56,Female
John,Ysrael,35,146,Male
Ytzchok,Brown,25,193,Female
Lea,Johnson,29,283,Male
Rivka,Mandel,70,31,Female
Rachel,Mandel,39,49,Female
Avraham,Mandel,49,168,Male
Lea,Doe,21,210,Female
Michael,Levi,47,120,Male
Rivka,Ysrael,45,136,Female
Lea,Smith,24,270,Male
John,Cohen,48,284,Female
Avraham,Brown,55,210,Male
Rachel,Miller,39,193,Female
Jane,Cohen,26,143,Male
Avraham,Smith,30,125,Female
David,Johnson,29,206,Male
John,Doe,48,42,Female
Rivka,Levi,49,74,Female
Rachel,Williams,61,241,Female
John,Mandel,21,166,Female
Jane,Doe,39,181,Female
Lea,Brown,33,131,Female
Yaakov,Miller,37,130,Female
Yaakov,Doe,30,132,Male
Michael,Levi,22,178,Male
Rachel,Smith,27,154,Female
Michael,Mandel,50,161,Male
Sara,Smith,42,21,Female
Michael,Miller,44,279,Female
Ytzchok,Johnson,57,176,Female
Rachel,Williams,55,185,Male
Michael,Ysrael,59,28,Female
Avraham,Ysrael,41,224,Female
Sara,Brown,68,193,Male
Rivka,Doe,27,263,Male
Rivka,Mandel,31,183,Male
Yaakov,Levi,41,137,Male
Sara,Levi,50,59,Male
David,Smith,32,171,Male
Ytzchok,Smith,42,46,Female
John,Johnson,34,275,Male
John,Smith,68,147,Male
Lea,Brown,66,211,Female
Lea,Smith,27,286,Male
Ytzchok,Williams,27,293,Male
Michael,Cohen,27,243,Female
Rivka,Levi,20,39,Male
Ytzchok,Miller,44,241,Female
Lea,Mandel,30,121,Female
Sara,Miller,30,34,Female
Rachel,Johnson,33,213,Female
Jane,Ysrael,41,149,Female
Avraham,Ysrael,32,192,Female
Sara,Brown,41,149,Male
Lea,Cohen,33,104,Female
Sara,Miller,70,51,Female
David,Ysrael,50,156,Male
Jane,Ysrael,33,29,Male
Lea,Cohen,20,288,Female
Michael,Doe,69,124,Female
Avraham,Brown,61,124,Male
John,Ysrael,41,31,Male
Yaakov,Johnson,32,166,Female
Rachel,Mandel,27,295,Female
Michael,Ysrael,70,255,Female
Yaakov,Cohen,47,103,Female
Rivka,Johnson,48,15,Female
Avraham,Johnson,65,58,Female
Lea,Levi,55,42,Male
David,Smith,53,222,Male
Ytzchok,Ysrael,59,104,Male
Ytzchok,Cohen,56,154,Male
Rachel,Miller,70,283,Female
Michael,Smith,55,36,Female
Ytzchok,Doe,44,53,Female
John,Ysrael,33,159,Female
Yaakov,Levi,56,263,Female
John,Ysrael,32,212,Male
Jane,Mandel,60,196,Male
Jane,Williams,50,86,Male
Lea,Cohen,36,249,Male
Avraham,Brown,46,151,Male
David,Doe,38,201,Male
Michael,Doe,19,209,Male
Jane,Brown,49,65,Male
Michael,Johnson,42,68,Female
Michael,Mandel,43,283,Male
Rachel,Ysrael,30,190,Male
David,Brown,19,212,Male
Rivka,Mandel,36,143,Male
Avraham,Levi,54,108,Male
Rachel,Ysrael,36,241,Male
Rivka,Ysrael,52,55,Female
John,Williams,50,197,Male
Michael,Brown,35,250,Female
Jane,Levi,43,233,Male
Rivka,Smith,20,173,Female
Avraham,Mandel,22,223,Female
Ytzchok,Cohen,51,172,Female
Ytzchok,Smith,18,291,Female
Ytzchok,Williams,33,144,Female
Avraham,Johnson,62,205,Female
Michael,Miller,35,187,Female
Rivka,Levi,70,157,Female
Lea,Brown,43,270,Female
Avraham,Cohen,24,197,Male
John,Miller,33,215,Male
Yaakov,Ysrael,50,250,Female
Ytzchok,Williams,18,234,Male
Sara,Levi,43,171,Female
Sara,Miller,66,86,Female
Lea,Smith,57,242,Female
Avraham,Smith,58,116,Male
Sara,Cohen,61,183,Male
David,Brown,51,236,Female
Jane,Johnson,37,155,Female
Lea,Miller,65,229,Female
Avraham,Smith,65,179,Male
Avraham,Johnson,44,217,Male
Yaakov,Brown,68,127,Female
Lea,Ysrael,55,177,Male
David,Cohen,20,50,Female
John,Cohen,44,142,Male
Michael,Miller,20,262,Female
Ytzchok,Brown,30,110,Female
Yaakov,Doe,57,249,Female
Rivka,Brown,23,26,Male
Sara,Williams,48,57,Male
David,Miller,33,274,Male
Lea,Cohen,56,124,Male
Avraham,Levi,64,249,Male
Ytzchok,Doe,46,60,Female
Rachel,Ysrael,56,144,Female
Yaakov,Williams,38,242,Male
John,Cohen,25,113,Female
John,Ysrael,20,37,Female
Rachel,Cohen,37,25,Male
Jane,Williams,58,112,Male
Avraham,Williams,52,123,Male
Jane,Brown,20,131,Female
Rivka,Levi,32,161,Female
Rivka,Williams,70,181,Female
John,Levi,23,275,Female
Yaakov,Ysrael,63,89,Male
Ytzchok,Johnson,40,156,Male
Yaakov,Smith,56,274,Male
Avraham,Mandel,43,16,Female
Avraham,Doe,48,124,Female
Jane,Smith,56,156,Female
Rivka,Smith,70,266,Male
Sara,Williams,22,189,Male
Ytzchok,Williams,23,132,Male
Sara,Cohen,46,153,Male
Rachel,Ysrael,28,242,Female
Rivka,Cohen,56,276,Male
Avraham,Doe,59,83,Male
Sara,Ysrael,60,104,Male
Michael,Brown,39,157,Male
John,Johnson,54,227,Female
Sara,Ysrael,24,135,Female
Avraham,Doe,48,239,Male
Sara,Levi,64,99,Male
David,Brown,43,73,Male
David,Doe,67,159,Female
Sara,Williams,21,162,Female
Michael,Cohen,50,27,Female
Yaakov,Ysrael,54,227,Female
Sara,Levi,34,142,Male
Rachel,Levi,41,228,Female
Sara,Ysrael,32,195,Female
Lea,Doe,22,251,Female
Rivka,Ysrael,64,254,Female
Rachel,Doe,18,241,Male
Avraham,Doe,22,280,Female
Ytzchok,Cohen,32,117,Male
Lea,Cohen,20,286,Male
John,Smith,44,200,Female
Michael,Cohen,29,144,Female
Lea,Johnson,49,188,Female
Rachel,Smith,35,180,Male
Lea,Cohen,48,147,Female
Yaakov,Mandel,22,168,Female
Lea,Brown,60,190,Male
Rivka,Mandel,31,250,Male
David,Mandel,26,234,Male
Yaakov,Johnson,41,227,Male
Yaakov,Cohen,56,19,Female
Lea,Ysrael,23,65,Male
Rivka,Ysrael,27,299,Male
Jane,Mandel,32,35,Female
David,Miller,48,91,Female
Ytzchok,Williams,45,55,Male
John,Smith,44,153,Female
Ytzchok,Johnson,67,214,Male
Avraham,Cohen,70,52,Female
Lea,Williams,70,45,Male
Ytzchok,Levi,54,84,Male
Ytzchok,Williams,53,268,Female
Rachel,Levi,39,208,Female
David,Williams,64,200,Male
Jane,Brown,45,22,Male
John,Williams,54,94,Male
Yaakov,Ysrael,69,88,Male
Michael,Brown,68,128,Male
John,Doe,66,50,Male
Yaakov,Williams,45,249,Female
Rivka,Johnson,66,136,Female
John,Doe,47,288,Male
Rachel,Doe,30,160,Female
Lea,Miller,63,24,Male
Lea,Williams,34,150,Male
Jane,Cohen,35,36,Female
Rivka,Doe,53,290,Female
Rachel,Mandel,60,235,Female
Rivka,Miller,47,124,Female
Jane,Miller,53,143,Male
Lea,Mandel,29,231,Male
Rivka,Levi,32,285,Male
Yaakov,Brown,20,117,Female
Avraham,Cohen,36,175,Male
John,Cohen,31,263,Male
John,Williams,21,224,Male
Avraham,Ysrael,40,297,Male
Jane,Miller,70,30,Male
Avraham,Brown,54,72,Female
Ytzchok,Smith,50,218,Male
John,Cohen,70,218,Female
Jane,Johnson,58,264,Male
Rivka,Levi,31,141,Male
Jane,Brown,49,194,Male
John,Smith,42,297,Female
John,Levi,55,176,Female
John,Ysrael,40,164,Female
Jane,Brown,26,16,Male
David,Mandel,39,249,Male
Yaakov,Cohen,66,73,Female
Yaakov,Johnson,62,40,Male
Ytzchok,Doe,43,77,Male
Avraham,Brown,37,241,Male
Rachel,Doe,52,79,Male
Sara,Johnson,26,129,Male
Rachel,Doe,28,29,Male
Rachel,Ysrael,43,122,Female
Ytzchok,Levi,67,282,Male
David,Cohen,46,207,Male
Sara,Miller,57,233,Female
Lea,Doe,35,235,Male
Lea,Cohen,45,241,Male
Sara,Ysrael,56,162,Male
David,Miller,57,251,Female
Rivka,Williams,51,178,Male
Michael,Miller,68,156,Male
Yaakov,Smith,27,210,Female
Michael,Levi,44,122,Female
Avraham,Cohen,41,232,Female
Lea,Miller,37,138,Female
Rachel,Levi,65,99,Female
Avraham,Cohen,40,72,Female
John,Johnson,65,242,Male
Michael,Williams,22,160,Male
John,Brown,70,72,Female
Avraham,Brown,47,56,Male
Jane,Williams,35,83,Male
Yaakov,Johnson,27,263,Male
Rachel,Levi,67,88,Male
Jane,Williams,48,85,Male
Avraham,Johnson,21,228,Male
Rivka,Brown,23,84,Male
Yaakov,Brown,37,191,Male
Michael,Brown,67,198,Female
Lea,Johnson,60,139,Male
Rivka,Williams,58,100,Female
John,Doe,69,112,Female
David,Ysrael,50,126,Female
Lea,Levi,37,164,Female
Yaakov,Johnson,26,265,Male
Avraham,Johnson,70,96,Male
John,Williams,25,32,Female
Jane,Doe,46,151,Female
Ytzchok,Ysrael,45,218,Male
Jane,Williams,64,290,Female
Lea,Ysrael,58,171,Female
Michael,Doe,63,134,Male
Rachel,Mandel,25,271,Female
Lea,Mandel,50,29,Male
Lea,Miller,31,117,Male
Sara,Johnson,37,171,Female
Rachel,Levi,39,48,Female
Michael,Doe,50,103,Female
Michael,Cohen,41,88,Female
Yaakov,Williams,38,179,Male
Jane,Ysrael,19,56,Female
Jane,Miller,40,59,Female
Rivka,Smith,30,119,Female
John,Johnson,57,68,Female
Rachel,Mandel,22,48,Male
Ytzchok,Williams,57,254,Female
Lea,Mandel,47,134,Male
Sara,Brown,59,126,Female
Rivka,Ysrael,63,291,Male
Avraham,Johnson,47,184,Male
Avraham,Doe,43,149,Male
Michael,Levi,42,241,Male
Sara,Levi,69,107,Female
David,Johnson,26,26,Female
Rachel,Mandel,69,228,Female
Jane,Ysrael,22,39,Female
Sara,Williams,39,84,Male
John,Williams,40,22,Female
Rachel,Mandel,45,19,Male
Sara,Doe,38,202,Female
Ytzchok,Johnson,44,143,Female
Sara,Mandel,44,80,Male
David,Mandel,33,100,Male
Ytzchok,Mandel,18,56,Female
Michael,Mandel,41,109,Female
Jane,Johnson,61,74,Male
Avraham,Brown,22,94,Male
Jane,Miller,26,221,Female
Yaakov,Johnson,51,216,Female
Avraham,Mandel,19,123,Female
Lea,Johnson,64,263,Male
Rivka,Cohen,60,292,Male
Yaakov,Smith,22,83,Female
Sara,Ysrael,24,26,Female
Michael,Johnson,29,110,Male
Yaakov,Brown,21,21,Male
Lea,Williams,26,175,Male
Rivka,Williams,59,290,Male
Michael,Brown,56,248,Female
David,Brown,45,179,Male
John,Williams,26,229,Male
Rivka,Doe,32,128,Female
David,Doe,29,152,Male
Sara,Williams,21,263,Male
Rivka,Miller,43,96,Female
Michael,Smith,37,272,Male
Avraham,Cohen,23,78,Male
Sara,Levi,63,164,Male
John,Miller,30,108,Male
Ytzchok,Brown,63,31,Female
Ytzchok,Ysrael,29,284,Female
Lea,Johnson,25,196,Male
Lea,Miller,61,175,Male
Sara,Williams,45,86,Male
Ytzchok,Miller,46,154,Male
Rachel,Mandel,57,296,Female
Rivka,Levi,52,96,Female
John,Williams,53,209,Female
Michael,Cohen,68,71,Female
John,Smith,18,299,Male
David,Mandel,56,232,Male
Michael,Miller,56,291,Male
Yaakov,Smith,31,178,Male
Sara,Levi,58,160,Male
David,Miller,23,225,Female
Jane,Doe,33,172,Male
Rachel,Cohen,65,229,Male
Michael,Brown,68,37,Male
Yaakov,Johnson,48,108,Male
Ytzchok,Mandel,68,276,Female
David,Mandel,59,138,Male
Jane,Mandel,34,122,Male
Sara,Williams,43,122,Male
Ytzchok,Johnson,29,291,Female
Rachel,Cohen,51,84,Female
Jane,Mandel,66,294,Female
David,Doe,70,171,Female
John,Levi,23,223,Male
Michael,Miller,27,172,Female
Ytzchok,Williams,54,95,Female
John,Mandel,48,250,Female
Avraham,Cohen,66,170,Female
Lea,Doe,58,255,Female
Jane,Ysrael,40,37,Male
Lea,Levi,27,289,Female
John,Miller,18,116,Male
David,Brown,28,80,Female
Lea,Miller,55,284,Female
Rivka,Miller,23,68,Female
Michael,Cohen,42,143,Female
Jane,Levi,31,50,Female
Yaakov,Johnson,27,95,Male
Jane,Johnson,24,53,Male
John,Miller,23,80,Male
John,Ysrael,48,187,Female
Jane,Levi,57,147,Female
David,Miller,31,93,Female
Rachel,Doe,53,165,Male
Avraham,Mandel,39,82,Male
Yaakov,Williams,24,144,Female
Avraham,Doe,34,295,Male
Yaakov,Cohen,64,58,Female
John,Doe,28,43,Male
Rivka,Miller,51,251,Female
Lea,Doe,20,78,Male
Rivka,Cohen,64,62,Male
Ytzchok,Smith,53,222,Female
Lea,Johnson,54,235,Female
Lea,Johnson,52,63,Male
Michael,Mandel,57,16,Male
Ytzchok,Cohen,58,74,Male
Rivka,Cohen,51,212,Male
Jane,Mandel,54,89,Female
Sara,Levi,42,284,Female
Michael,Levi,65,176,Female
Michael,Brown,51,248,Male
Michael,Brown,58,253,Male
Jane,Doe,68,49,Male
Rivka,Miller,55,269,Male
Rivka,Miller,68,96,Female
Ytzchok,Ysrael,30,225,Male
Jane,Johnson,34,254,Female
Rivka,Cohen,45,250,Male
Jane,Mandel,51,71,Female
Jane,Mandel,40,73,Female
Jane,Cohen,58,25,Male
John,Cohen,70,17,Female
Lea,Levi,29,226,Female
Ytzchok,Levi,26,159,Male
Ytzchok,Miller,55,238,Male
Michael,Brown,25,33,Male
Rachel,Williams,23,189,Female
Rachel,Williams,60,153,Female
Jane,Doe,27,155,Female
David,Cohen,43,95,Female
Rachel,Williams,36,204,Female
Jane,Doe,21,122,Male
Avraham,Brown,18,84,Male
Michael,Levi,42,89,Male
Michael,Johnson,56,198,Female
Lea,Doe,63,34,Female
Yaakov,Mandel,67,231,Male
John,Levi,28,67,Male
Yaakov,Smith,56,228,Female
David,Williams,63,189,Male
David,Mandel,51,105,Female
Lea,Levi,44,284,Female
Lea,Miller,42,73,Male
David,Mandel,19,173,Female
Ytzchok,Levi,20,56,Male
Ytzchok,Cohen,45,16,Female
Rachel,Brown,26,113,Female
Rachel,Miller,28,33,Male
Yaakov,Cohen,68,119,Female
Yaakov,Smith,52,36,Female
Avraham,Levi,27,176,Female
Rivka,Mandel,65,213,Female
Yaakov,Levi,58,299,Male
Michael,Doe,31,47,Female
Avraham,Williams,42,189,Male
Michael,Ysrael,26,279,Female
Sara,Miller,18,138,Female
Ytzchok,Ysrael,40,174,Female
Jane,Ysrael,37,269,Female
Yaakov,Levi,39,266,Female
Rachel,Smith,30,225,Male
Sara,Mandel,27,223,Female
Michael,Mandel,19,63,Female
John,Levi,45,215,Female
David,Smith,19,265,Female
Rachel,Johnson,28,179,Male
John,Cohen,63,106,Female
Avraham,Brown,28,128,Male
Lea,Levi,68,127,Male
Ytzchok,Levi,70,145,Female
David,Williams,37,61,Male
Avraham,Brown,63,153,Male
Rivka,Johnson,46,151,Male
Lea,Smith,23,233,Male
Sara,Brown,19,215,Male
John,Smith,23,192,Male
Avraham,Smith,27,130,Female
Yaakov,Smith,57,71,Female
John,Miller,44,40,Female
Lea,Doe,23,142,Female
Rivka,Miller,63,115,Female
John,Smith,22,220,Male
Sara,Mandel,33,240,Female
David,Levi,40,67,Male
Lea,Doe,34,167,Female
David,Johnson,57,77,Male
Avraham,Johnson,21,111,Male
Ytzchok,Doe,40,128,Male
Avraham,Miller,23,173,Female
John,Doe,63,199,Male
John,Smith,51,225,Female
John,Doe,59,201,Male
Sara,Smith,38,39,Female
Rachel,Doe,55,173,Female
Sara,Brown,30,195,Female
David,Smith,53,70,Female
Sara,Johnson,38,255,Male
Avraham,Smith,21,226,Male
Michael,Cohen,29,169,Male
Yaakov,Johnson,49,121,Female
Sara,Smith,60,276,Male
Rivka,Johnson,40,93,Male
Rachel,Brown,69,226,Female
Avraham,Levi,28,23,Male
Ytzchok,Doe,26,193,Male
Jane,Levi,53,206,Female
Lea,Doe,69,110,Female
Rivka,Doe,45,117,Male
Lea,Williams,57,139,Male
Rachel,Ysrael,28,230,Female
John,Williams,21,196,Female
Ytzchok,Cohen,28,265,Female
Lea,Williams,24,293,Male
John,Cohen,26,149,Male
Lea,Mandel,37,91,Male
Rivka,Johnson,50,132,Female
Jane,Ysrael,36,116,Female
Lea,Brown,33,73,Male
John,Smith,70,203,Male
Ytzchok,Ysrael,33,296,Male
Sara,Doe,43,237,Female
Rivka,Johnson,18,32,Male
Sara,Ysrael,56,38,Female
Avraham,Cohen,28,234,Male
Yaakov,Brown,35,295,Male
Ytzchok,Mandel,30,238,Male
Avraham,Doe,49,133,Male
Rachel,Cohen,37,246,Female
Lea,Ysrael,18,67,Male
Avraham,Levi,28,188,Female
Sara,Doe,62,147,Male
David,Williams,57,77,Male
David,Smith,63,99,Female
John,Ysrael,45,51,Female
Michael,Williams,54,117,Female
Jane,Johnson,37,52,Male
Sara,Ysrael,51,159,Female
Ytzchok,Miller,35,52,Male
Rivka,Williams,39,105,Male
Rachel,Mandel,21,55,Male
David,Ysrael,35,42,Female
Lea,Johnson,55,83,Female
Jane,Mandel,46,289,Female
David,Mandel,38,141,Female
John,Miller,43,34,Male
Rivka,Brown,67,159,Male
John,Brown,54,285,Female
Rivka,Cohen,45,53,Male
David,Doe,44,198,Female
Rivka,Doe,35,209,Male
Sara,Ysrael,68,293,Female
Jane,Doe,68,165,Male
Ytzchok,Smith,65,105,Male
Avraham,Doe,60,179,Female
Avraham,Smith,44,168,Female
Sara,Cohen,50,97,Male
David,Doe,55,223,Male
Sara,Johnson,34,124,Female
Michael,Smith,25,21,Female
Sara,Mandel,54,105,Female
Sara,Mandel,70,271,Male
Lea,Smith,44,92,Female
Jane,Cohen,42,89,Male
Ytzchok,Cohen,67,260,Male
Avraham,Brown,70,249,Male
Sara,Doe,33,176,Male
David,Smith,47,130,Female
John,Johnson,58,221,Male
Rivka,Cohen,21,232,Female
Ytzchok,Cohen,18,281,Male
Avraham,Johnson,22,59,Male
Rachel,Cohen,64,20,Male
Avraham,Mandel,66,83,Male
Yaakov,Mandel,41,69,Female
Sara,Ysrael,36,69,Male
Ytzchok,Williams,25,255,Male
Ytzchok,Levi,44,59,Male
Rachel,Ysrael,61,123,Female
David,Miller,59,116,Male
Rivka,Williams,70,109,Female
Rivka,Miller,43,40,Female
David,Mandel,19,272,Male
Sara,Ysrael,64,195,Male
David,Doe,41,90,Male
Jane,Miller,37,210,Male
Jane,Miller,40,106,Male
David,Brown,40,274,Female
Ytzchok,Mandel,48,43,Female
Jane,Johnson,22,262,Female
David,Miller,45,87,Female
Sara,Mandel,63,110,Female
Michael,Miller,38,292,Female
Rivka,Williams,57,161,Male
Rivka,Smith,59,123,Female
Sara,Miller,31,152,Male
Yaakov,Mandel,67,67,Male
David,Brown,21,262,Male
Avraham,Ysrael,37,240,Male
Rivka,Brown,24,203,Female
Rachel,Mandel,24,164,Male
Ytzchok,Ysrael,53,220,Female
Michael,Miller,33,93,Female
Ytzchok,Johnson,45,49,Male
Ytzchok,Smith,66,215,Male
Rachel,Smith,40,293,Male
David,Johnson,42,31,Female
Jane,Williams,67,142,Female
Rivka,Mandel,68,265,Female
Ytzchok,Brown,44,259,Male
Avraham,Brown,27,111,Female
Jane,Johnson,64,232,Male
Lea,Ysrael,24,71,Male
Rachel,Brown,59,261,Female
Ytzchok,Levi,49,39,Male
Lea,Doe,51,162,Male
David,Williams,20,48,Female
Avraham,Smith,70,221,Female
Lea,Ysrael,55,146,Male
Ytzchok,Johnson,40,32,Male
John,Johnson,22,230,Male
John,Smith,39,138,Female
Sara,Smith,22,93,Male
Jane,Doe,70,210,Male
Rivka,Levi,21,79,Female
Jane,Ysrael,50,281,Female
Ytzchok,Williams,46,100,Male
Ytzchok,Miller,33,147,Male
Jane,Brown,44,159,Male
Rachel,Brown,47,144,Male
Rachel,Mandel,47,285,Female
Yaakov,Brown,52,88,Female
Ytzchok,Johnson,36,128,Female
Ytzchok,Mandel,66,115,Male
Jane,Brown,21,110,Male
Avraham,Brown,44,266,Female
John,Miller,18,118,Male
Rivka,Levi,27,152,Female
Ytzchok,Cohen,25,187,Male
Jane,Levi,24,85,Male
Sara,Brown,60,256,Female
Avraham,Brown,64,132,Male
Avraham,Johnson,61,148,Female
Rachel,Doe,49,123,Male
Rivka,Levi,61,68,Male
Sara,Brown,47,30,Male
David,Levi,70,224,Female
John,Levi,68,77,Male
Yaakov,Levi,36,241,Female
John,Cohen,29,68,Female
Yaakov,Mandel,24,59,Female
David,Ysrael,70,228,Male
Lea,Mandel,65,38,Male
Ytzchok,Levi,37,244,Male
Sara,Ysrael,32,185,Female
Rachel,Williams,66,138,Female
Rivka,Miller,40,140,Female
David,Cohen,66,58,Male
Rivka,Ysrael,29,36,Male
Avraham,Ysrael,24,248,Male
Rachel,Williams,18,180,Male
Ytzchok,Mandel,49,117,Female
John,Cohen,43,198,Male
Michael,Doe,61,236,Male
David,Smith,55,87,Male
Yaakov,Johnson,63,286,Female
John,Williams,21,162,Male
Lea,Ysrael,24,223,Female
Jane,Cohen,51,138,Male
John,Cohen,19,84,Male
Jane,Mandel,25,44,Female
John,Levi,39,121,Female
David,Ysrael,56,212,Male
Lea,Brown,52,281,Male
Michael,Cohen,69,169,Female
John,Miller,34,31,Male
Avraham,Mandel,56,158,Male
Ytzchok,Ysrael,63,204,Female
Ytzchok,Brown,32,259,Female
Ytzchok,Smith,23,188,Male
Lea,Brown,68,110,Male
Ytzchok,Brown,51,283,Male
Ytzchok,Williams,39,257,Male
Sara,Cohen,31,177,Female
Rivka,Johnson,34,219,Female
Lea,Brown,64,227,Female
Yaakov,Levi,23,40,Male
Yaakov,Brown,47,249,Female
Ytzchok,Mandel,33,189,Female
Jane,Doe,56,246,Female
Yaakov,Mandel,43,254,Male
John,Mandel,23,47,Male
David,Brown,25,107,Male
David,Ysrael,57,45,Female
Yaakov,Smith,38,100,Male
Rivka,Levi,59,140,Female
Jane,Brown,28,122,Male
Lea,Cohen,20,108,Female
Lea,Miller,18,58,Female
David,Williams,33,268,Male
Lea,Levi,52,97,Female
Rachel,Smith,36,235,Female
Michael,Cohen,65,68,Female
Lea,Smith,30,79,Male
Jane,Mandel,61,121,Female
Rivka,Brown,38,95,Female
Michael,Cohen,26,60,Male
Yaakov,Smith,29,206,Male
Jane,Doe,29,90,Female
Lea,Smith,61,144,Male
Ytzchok,Brown,53,75,Female
Ytzchok,Doe,51,102,Male
Lea,Johnson,25,224,Female
Sara,Mandel,60,90,Female
Jane,Williams,67,78,Female
Avraham,Miller,64,276,Female
Michael,Levi,45,154,Female
David,Williams,40,240,Female
Rivka,Ysrael,37,145,Male
Rivka,Doe,25,80,Male
John,Johnson,18,263,Male
Yaakov,Cohen,24,268,Female
Sara,Ysrael,57,279,Female
Avraham,Cohen,24,98,Female
David,Levi,39,270,Male
Rivka,Williams,24,133,Female
Avraham,Ysrael,65,281,Male
Yaakov,Johnson,52,145,Female
Ytzchok,Ysrael,35,268,Male
John,Levi,68,260,Male
Jane,Doe,32,77,Male
Avraham,Brown,56,244,Male
Sara,Cohen,45,136,Male
Yaakov,Ysrael,56,259,Male
Jane,Cohen,61,110,Female
Avraham,Williams,66,41,Female
Rivka,Miller,31,242,Male
Sara,Brown,40,150,Female
Rivka,Ysrael,28,118,Female
Avraham,Mandel,70,276,Male
Ytzchok,Cohen,20,168,Female
David,Williams,59,103,Female
Michael,Miller,23,76,Male
David,Cohen,32,159,Female
Lea,Brown,20,74,Male
David,Johnson,53,108,Female
Rivka,Levi,51,39,Male
John,Brown,39,100,Male
Ytzchok,Johnson,27,213,Female
Sara,Williams,59,103,Male
Avraham,Johnson,55,193,Female
Ytzchok,Levi,52,275,Male
David,Williams,23,199,Male
Jane,Miller,43,226,Male
Rachel,Ysrael,20,186,Male
David,Williams,58,201,Male
Avraham,Miller,36,132,Female
Rivka,Levi,22,192,Male
Rachel,Williams,52,70,Female
John,Miller,70,108,Male
Ytzchok,Cohen,64,243,Female
Lea,Doe,47,101,Male
John,Miller,43,170,Male
Michael,Miller,35,245,Male
Yaakov,Ysrael,27,231,Female
Michael,Johnson,25,166,Female
David,Mandel,53,86,Male
Ytzchok,Levi,30,149,Male
Sara,Doe,46,97,Male
Yaakov,Williams,52,133,Female
David,Doe,18,297,Female
Jane,Williams,45,149,Male
Jane,Levi,33,112,Male
Michael,Levi,41,248,Female
Jane,Mandel,32,106,Female
Ytzchok,Doe,47,53,Male
John,Mandel,60,100,Female
Avraham,Brown,68,50,Female
Sara,Smith,34,69,Male
Yaakov,Doe,32,153,Female
John,Smith,60,143,Male
Jane,Miller,29,264,Female
Michael,Miller,41,270,Female
Lea,Doe,20,119,Female
Rivka,Smith,47,25,Female
Avraham,Williams,53,174,Male
Rachel,Levi,46,170,Male
Rachel,Doe,54,184,Male
Ytzchok,Brown,24,202,Male
Rachel,Levi,53,254,Male
David,Cohen,47,31,Male
Rachel,Miller,69,217,Male
Rachel,Ysrael,70,270,Female
Lea,Mandel,52,281,Female
John,Miller,31,138,Male
Sara,Johnson,61,82,Female
Rivka,Ysrael,48,135,Female
Rivka,Levi,53,159,Female
Ytzchok,Brown,35,291,Female
Ytzchok,Williams,58,254,Male
Jane,Brown,52,230,Male
Sara,Brown,28,179,Female
Yaakov,Johnson,30,40,Male
Lea,Ysrael,38,279,Female
Michael,Ysrael,23,174,Male
Sara,Johnson,36,200,Female
Sara,Williams,24,93,Female
Jane,Cohen,37,170,Male
David,Doe,26,65,Female
David,Ysrael,47,187,Female
Jane,Williams,53,231,Female
Avraham,Cohen,60,226,Female
Avraham,Miller,37,289,Male
David,Ysrael,19,274,Male
David,Miller,18,66,Female
Ytzchok,Smith,59,230,Female
Jane,Doe,37,186,Female
Rachel,Levi,62,56,Male
David,Miller,67,148,Female
Michael,Brown,65,188,Female
Yaakov,Ysrael,67,138,Male
Sara,Miller,26,212,Male
Lea,Levi,60,291,Male
Rachel,Levi,49,55,Male
Lea,Mandel,60,43,Female
David,Brown,23,255,Male
Yaakov,Levi,42,139,Male
David,Johnson,20,81,Female
David,Ysrael,53,268,Male
Avraham,Cohen,59,158,Female
Avraham,Mandel,37,223,Female
Michael,Brown,41,113,Female
Lea,Cohen,41,201,Female
Jane,Levi,63,139,Female
Michael,Ysrael,57,160,Male
Sara,Doe,35,243,Female
Rachel,Johnson,54,285,Male
Lea,Williams,67,242,Female
Yaakov,Cohen,47,45,Male
Lea,Miller,30,183,Male
Jane,Johnson,19,150,Male
John,Smith,42,24,Female
Sara,Cohen,69,109,Female
Michael,Brown,47,48,Male
Lea,Miller,68,91,Male
Michael,Cohen,42,24,Female
Michael,Ysrael,44,28,Female
David,Brown,49,17,Male
Rivka,Smith,23,61,Female
Rachel,Ysrael,21,51,Female
Avraham,Ysrael,57,150,Male
Rivka,Ysrael,63,257,Male
Yaakov,Cohen,30,31,Female
David,Johnson,47,87,Female
Rivka,Johnson,70,113,Male
Ytzchok,Smith,27,106,Female
John,Cohen,35,63,Male
Yaakov,Williams,60,178,Female
Avraham,Johnson,68,149,Female
Rachel,Miller,20,27,Female
Ytzchok,Ysrael,42,17,Male
David,Brown,20,37,Female
Michael,Williams,26,289,Female
Jane,Levi,26,182,Male
Rivka,Cohen,22,106,Female
John,Levi,66,261,Male
David,Williams,22,245,Female
Michael,Levi,34,217,Male
Rivka,Miller,41,292,Male
Michael,Levi,18,110,Male
Sara,Mandel,70,200,Female
Rachel,Ysrael,61,269,Female
Lea,Ysrael,41,46,Male
Rivka,Johnson,24,219,Female
Rachel,Cohen,65,108,Female
Sara,Johnson,70,204,Male
Sara,Smith,29,225,Male
Ytzchok,Johnson,37,55,Male
Sara,Ysrael,58,16,Male
David,Smith,24,197,Female
Rivka,Brown,37,218,Male
Avraham,Ysrael,49,16,Female
Avraham,Johnson,42,211,Male
Sara,Smith,43,280,Female
Avraham,Miller,65,148,Male
Lea,Williams,32,188,Male
John,Ysrael,66,224,Female
Yaakov,Cohen,18,98,Female
Rivka,Cohen,21,152,Male
Jane,Levi,38,63,Male
Lea,Smith,20,166,Male
Rivka,Williams,42,135,Male
